Name,Email
Sheryl,zunigavanessa@smith.info
Preston,vmata@colon.com
Roy,beckycarr@hogan.com
Linda,stanleyblackwell@benson.org
Joanna,colinalvarado@miles.net
Aimee,louis27@gilbert.com
Darren,tgates@cantrell.com
Brett,asnow@colon.com
Sheryl,mariokhan@ryan-pope.org
Michelle,mdyer@escobar.net
Carl,kirksalas@webb.com
Jenna,mark42@robbins.com
Tracey,alex56@walls.org
Kristine,holdenmiranda@clarke.com
Faith,cassieparrish@blevins-chapman.net
Miranda,vduncan@parks-hardy.com
Caroline,holtgwendolyn@watson-davenport.com
Greg,jaredjuarez@carroll.org
Clifford,joseph26@jacobson.com
Joanna,tuckerangie@salazar.net
Maxwell,fgibson@drake-webb.com
Kiara,blanchardbob@wallace-shannon.com
Colleen,rsingleton@ryan-cherry.com
Janet,stefanie71@spence.com
Shane,mariah88@santos.com
Marcus,donnamullins@norris-barrett.org
Dakota,stacey67@fields.org
Frederick,jacobkhan@bright.biz
Stefanie,wterrell@clark.com
Kent,qjimenez@boyd.com
Jack,gfigueroa@boone-zavala.com
Tom,tapiagreg@beard.info
Gabriel,coleolson@jennings.net
Kaitlyn,georgeross@miles.org
Faith,willistonya@randolph-baker.com
Tammie,harrisisaiah@jenkins.com
Nicholas,fwolfe@dorsey.com
Jordan,tiffanydavies@harris-mcfarland.org
Bruce,preese@frye-vega.com
Sherry,ann48@miller.com
Natalie,tcummings@fitzpatrick-ashley.com
Bryan,woodwardandres@phelps.com
Wayne,barbarapittman@holder.com
Luis,bstuart@williamson-mcclure.com
Rhonda,zkrueger@wolf-chavez.net
Joanne,juan80@henson.net
Geoffrey,bauercrystal@gay.com
Gloria,bartlettjenna@zuniga-moss.biz
Brady,mccalltyrone@durham-rose.biz
Latoya,bobhammond@barry.biz
Gerald,uwarner@steele-arias.com
Samuel,xpittman@ritter-carney.net
Patricia,vaughanchristy@lara.biz
Stacie,clinton85@colon-arias.org
Robin,greenemiranda@zimmerman.com
Ralph,goodmancesar@figueroa.biz
Phyllis,yhanson@warner-diaz.org
Danny,howelldarren@house-cohen.com
Kathy,ncamacho@boone-simmons.org
Kelli,kristopher62@oliver.com
Lynn,mpham@rios-guzman.com
Shelley,zachary96@mitchell-bryant.org
Eddie,kristiwhitney@bernard.com
Chloe,leah85@sutton-terrell.com
Eileen,levigiles@vincent.com
Fernando,fisherlinda@schaefer.net
Makayla,scottcurtis@hurley.biz
Tom,nicholsonnina@montgomery.info
Virginia,zvalencia@phelps.com
Riley,alex06@galloway.com
Alexandria,lee48@manning.com
Richard,aharper@maddox-townsend.org
Candice,buckleycory@odonnell.net
Anita,angie04@oconnell.com
Regina,zrosario@rojas-hardin.net
Debra,shieldskerry@robles.com
Brittany,mchandler@cochran-huerta.org
Cassidy,katrinalane@fitzgerald.com
Laurie,cookejill@powell.com
Alejandro,elizabethbarr@ewing.com
Leslie,corey75@wiggins.com
Kathleen,chloelester@higgins-wilkinson.com
Hunter,isaac26@benton-finley.com
Chad,justinwalters@jimenez.com
Corey,maurice46@morgan.com
Emma,walter83@juarez.org
Duane,kmercer@wagner.com
Alison,vcantu@norton.com
Vernon,hilljesse@barrett.info
Lori,tyrone77@valenzuela.info
Nina,elliserica@frank.com
Shane,nsteele@sparks.com
Collin,dudleyemily@gonzales.biz
Sherry,alan79@gates-mclaughlin.com
Darrell,grayjean@lowery-good.com
Karl,hhart@jensen.com
Lynn,vkemp@ferrell.com
Fred,swagner@kane.org
Yvonne,mccarthystephen@horn-green.biz
Clarence,colleen91@faulkner.biz